name,location,price,capacity,rating,reviews,description
Factory Atlanta,"Atlanta, GA",$$$,300+ Guests,5,6,A versatile industrial-meets-chic wedding venue perfect for creative couples.
Ecco Buckhead,"Atlanta, GA",$$$,300+ Guests,,,An enchanting and elegant restaurant wedding venue in Atlanta's Buckhead neighborhood.
Monday Night Brewing: The Garage,"Atlanta, GA",$$$,300+ Guests,4.9,14,A charming and inviting private event space with historic charm and natural light.
The White Bull,"Decatur, GA",$$$,51-100 Guests,0,0,A restaurant specializing in Italian farm-to-table cuisine with event space.
FORTH Hotel Atlanta,"Atlanta, GA",$$$$,201-250 Guests,0,0,A luxury venue in Old Fourth Ward with an elegant ballroom and rooftop space.
Journeyman's Hall,"Atlanta, GA",$$$,151-200 Guests,5,3,A wedding venue led by Chef Vincent Marra offering custom wedding experiences.
Atlanta Botanical Garden,"Atlanta, GA",$$$,151-200 Guests,4.7,21,An urban oasis with lush lawns and tropical foliage for indoor/outdoor events.
Emory Conference Center Hotel,"Atlanta, GA",$$$,300+ Guests,4.8,41,An elegant venue with versatile surroundings near Hartsfield Airport.
Ambient + Studio,"Atlanta, GA",$$$,251-300 Guests,4.4,9,A unique wedding venue built in 1910 with historic charm.
The Kimpton Shane,"Atlanta, GA",$$$,51-100 Guests,0,0,A boutique hotel with stunning architecture and stylish furnishings.
Park Tavern: The Piedmont Room & Piedmont Garden Tent,"Atlanta, GA",$$$,251-300 Guests,4.7,132,A venue overlooking Piedmont Park with indoor and outdoor spaces.
Grana,"Atlanta, GA",$$$,151-200 Guests,5,1,A venue offering authentic Southern Italian cuisine with three event levels.
Hyatt Regency Atlanta Perimeter at Villa Christina,"Atlanta, GA",$$$,300+ Guests,4.6,63,A hotel surrounded by landscaped gardens with captivating views.
Wahoo! Grill,"Decatur, GA",$$$,201-250 Guests,5,100,"A full-service venue for weddings, receptions, and rehearsal dinners."
Waldorf Astoria Atlanta Buckhead,"Atlanta, GA",$$$$,51-100 Guests,4.9,7,A luxury venue combining charm and sophistication in Buckhead.
Omni Atlanta Hotel at Centennial Park,"Atlanta, GA",$$$$,300+ Guests,5,2,A hotel in downtown Atlanta offering banquet and catering services.
Grand Hyatt Atlanta in Buckhead,"Atlanta, GA",$$$,300+ Guests,5,4,A hotel offering elegant event spaces in the heart of Buckhead.
The Wrecking Bar Brewpub,"Atlanta, GA",$$$,201-250 Guests,5,9,A historic mansion with Victorian-era architecture for weddings.
Swan Coach House,"Atlanta, GA",$$$,101-150 Guests,4.6,63,An elegant historic venue in the residential heart of Buckhead.
Historic DeKalb Courthouse,"Decatur, GA",$$$,101-150 Guests,4.9,92,An elegant courthouse with marble interiors and high ceilings.
The Westside Warehouse,"Atlanta, GA",$$$,201-250 Guests,5,37,A converted warehouse with cathedral ceilings in west-midtown.
Epicurean Hotel Atlanta,"Atlanta, GA",$$$,101-150 Guests,4.9,7,A luxe hotel with modern architecture for wedding events.
The Wimbish House,"Atlanta, GA",$$$,201-250 Guests,4.9,85,A Victorian-era home in Midtown for weddings and events.
42West Entertainment Group,"Atlanta, GA",$$$,251-300 Guests,5,6,A modern industrial venue with refined elegance in West Atlanta.
The Trolley Barn,"Atlanta, GA",$$$,201-250 Guests,4.2,41,A historic structure with hardwood floors and garden areas.
Intercontinental Buckhead Atlanta,"Atlanta, GA",$$$,300+ Guests,4.9,7,A luxury hotel combining classic charm with modern amenities.
Callanwolde Fine Arts Center,"Atlanta, GA",$$$,151-200 Guests,4.6,38,A historic arts center with sprawling grounds in Druid Hills.
SCAD Ivy Hall,"Atlanta, GA",$$$,101-150 Guests,4.5,4,A historic wedding venue with Victorian architecture.
Hotel Colee,"Atlanta, GA",$$$,251-300 Guests,0,0,An award-winning hotel for celebrations in Atlanta.
Renaissance Atlanta Midtown Hotel,"Midtown Atlanta, GA",$$$,300+ Guests,5,2,A hotel in the arts district with prime location for events.
Enon Ranch,"Atlanta, GA",$$,251-300 Guests,5,2,"Enon Ranch is a beautiful wedding venue located in Atlanta, GA, offering a rustic event space with countryside views."
Pristine Chapel Lakeside,"Jonesboro, GA",$$,251-300 Guests,4.8,103,"Pristine Chapel Lakeside is a luxe ceremony and reception venue in Jonesboro, GA, offering sweeping views and virtual tours."
Brick and Ivey,"Marietta, GA",$$,151-200 Guests,5,100,"Brick and Ivey is a wedding venue in Marietta, GA, featuring exposed white brick walls and separate event spaces."
Kimball Hall,"Roswell, GA",$$,151-200 Guests,5,162,"Kimball Hall is a newly renovated venue in Roswell, GA, offering indoor and outdoor ceremony sites and a courtyard."
The Atrium,"Norcross, GA",$$,101-150 Guests,4.9,151,"The Atrium is a contemporary wedding venue in Norcross, GA, featuring a mezzanine level overlooking a glass atrium."
Stanley House Mansion,"Marietta, GA",$$,101-150 Guests,5,48,"Stanley House Mansion is a historic wedding venue in Marietta, GA, offering classic Southern charm."
Primrose Cottage,"Roswell, GA",$$,300+ Guests,4.9,272,"Primrose Cottage is an enchanting wedding venue in Roswell, GA, situated on a stately front lawn in Historic Roswell."
Naylor Hall,"Roswell, GA",,201-250 Guests,5,173,"Naylor Hall is a grand, recently renovated wedding venue in Roswell, GA, offering historic charm."
Roswell Historic Hall,"Roswell, GA",$$,300+ Guests,4.3,49,"Roswell Historic Hall is an event venue in Roswell, GA, hosting various events including weddings and corporate events."
Vecoma At The Yellow River,"Snellville, GA",$$,251-300 Guests,4.9,199,"Vecoma at the Yellow River is an all-inclusive wedding venue in Snellville, GA, nestled on 70 acres of forest."
Flint Hill,"Norcross, GA",$$,251-300 Guests,4.8,205,"Flint Hill is a beautifully restored historic mansion in Norcross, GA, featuring landscaped grounds and a pavilion."
Ivy Hall,"Roswell, GA",$$$,201-250 Guests,4.9,89,"Ivy Hall is a historic wedding venue in Roswell, GA, part of the Roswell Mill property."
Country Club of Roswell,"Roswell, GA",$$,201-250 Guests,4.7,23,"Country Club of Roswell is a versatile wedding venue in Roswell, GA, accommodating both small and large celebrations."
Olde Towne Special Events,"Atlanta, GA",$$,251-300 Guests,5,66,"Olde Towne Special Events is a full-service wedding venue in Atlanta, GA, offering stylish event facilities."
Little Gardens,"Lawrenceville, GA",$$,251-300 Guests,4.9,215,"Little Gardens is a serene wedding venue in Lawrenceville, GA, featuring a manor house and lush grounds."
Whitestone Reserve,"Austell, GA",$$,101-150 Guests,5,21,"Whitestone Reserve is a new wedding venue in Austell, GA, featuring chandeliers and natural lighting."
The 173 Carlyle House,"Norcross, GA",$$,300+ Guests,4.8,109,"The 173 Carlyle House is a turn-of-the-century mansion in Norcross, GA, with manicured grounds."
Brumby Hall & Gardens,"Marietta, GA",$$,151-200 Guests,4,2,"Brumby Hall & Gardens is a historic wedding venue in Marietta, GA, surrounded by meticulously kept gardens."
Roswell Mill Club,"Roswell, GA",$$,151-200 Guests,4.8,41,"Roswell Mill Club is a historic wedding venue in Roswell, GA, offering a mix of history and natural beauty."
The Foxglove,"Marietta, GA",$$,300+ Guests,5,3,"The Foxglove is a characterful wedding venue in Marietta, GA, located in the historic district."
The Reserves at Hamilton Homes,"Mableton, GA",$$$,101-150 Guests,5,1,"The Reserves at Hamilton Homes is a wedding venue in Mableton, GA, offering sunset views and a spiral staircase."
Eden Garden House,"Lithonia, GA",$$$,151-200 Guests,,,"Eden Garden House is a wedding venue in Lithonia, GA, featuring a garden house facility."
Huntcliff River Club,"Atlanta, GA",$$,101-150 Guests,4.9,30,"Huntcliff River Club is a wedding venue in Atlanta, GA, surrounded by river oaks and manicured lawns."
Chattahoochee Nature Center,"Roswell, GA",$$,151-200 Guests,4.8,38,"Chattahoochee Nature Center is a wedding venue in Roswell, GA, offering natural beauty and outdoor spaces."
The Cotton Gin at Mill Creek,"Hiram, GA",$$,151-200 Guests,5,96,"The Cotton Gin at Mill Creek is an all-inclusive wedding venue in Hiram, GA, offering a no-fee guarantee."
Ashton Gardens Atlanta by Walters Wedding Estates,"Sugar Hill, GA",$$$,251-300 Guests,4.8,477,"Ashton Gardens Atlanta is a premier wedding venue in Sugar Hill, GA, featuring a glass chapel and lush landscapes."
Conservatory at Waterstone,"Acworth, GA",$$,201-250 Guests,4.9,102,"Conservatory at Waterstone is a historic banquet hall in Acworth, GA, offering all-inclusive wedding solutions."
Little River Farms,"Alpharetta, GA",$$,201-250 Guests,4.9,188,"Little River Farms is a peaceful wedding venue in Alpharetta, GA, offering a retreat from the city."
The Wildflower Barn at Little River Farms,"Alpharetta, GA",$,101-150 Guests,5,81,"The Wildflower Barn at Little River Farms is a historic, family-owned barn in Alpharetta, GA, renovated for weddings."
SomeTheme Weddings & Events,"Milton, GA",$$$,51-100 Guests,5,6,"SomeTheme Weddings & Events is a wedding venue in Milton, GA, offering timeless elegance with large windows."
Venue 92,"Woodstock, GA",$$,151-200 Guests,4.9,89,"Outdoor Event Space offering romantic garden affairs, glamorous evenings, or high-energy parties."
Payne Corley House,"Duluth, GA",$$,151-200 Guests,5,190,Restored farmhouse offering a tranquil retreat with picturesque grounds.
Foxhall Resort,"Douglasville, GA",$$$,201-250 Guests,4.2,63,"Picturesque resort on 1,100 acres offering a full weekend experience."
The Grande At Kennesaw,"Kennesaw, GA",$$,201-250 Guests,4,10,Victorian-style farmhouse with stunning landscaped gardens.
TPC Sugarloaf,"Duluth, GA",$$$,201-250 Guests,5,36,Elegant clubhouse with a ceremony lawn overlooking a golf course.
Douglasville Conference Center,"Douglasville, GA",$$,300+ Guests,3,1,Elegant spaces with iconic downtown location and exemplary service.
Genesis Ballroom,"Suwanee, GA",$$,251-300 Guests,,,"Opulent wedding venue blending elegance, contemporary, and industrial styles."
Governors Towne Club,"Acworth, GA",$$,201-250 Guests,4.2,13,Elegant event venue with a pristine golf course and sophisticated spaces.
Kite Manor Events & Studio,"Fayetteville, GA",$$$,51-100 Guests,,,Unique venue with modern indoor and rustic outdoor spaces.
Vines Mansion & Gardens,"Loganville, GA",$$,300+ Guests,4.6,31,Mansion with landscaped gardens and open vendor policy.
Hazlehurst House,"McDonough, GA",$$,251-300 Guests,4.8,54,Gorgeous property on three acres with indoor and outdoor spaces.
Atlanta Marriott Alpharetta,"Alpharetta, GA",$$,300+ Guests,5,2,Luxurious hotel for sophisticated and memorable events.
Cherry Hollow Farm,"Chattahoochee Hills, GA",$$,151-200 Guests,5,6,"Indoor/outdoor venue with two bars, stage, and dressing rooms."
Hilton Alpharetta Atlanta,"Alpharetta, GA",$$,251-300 Guests,5,1,New Hilton hotel with modern amenities and elegant spaces.
St Ives Country Club,"Johns Creek, GA",$$$,201-250 Guests,4.7,14,"Stunning country club with a 45,000 sq. ft. clubhouse."
Breckinridge Banquet Hall,"Duluth, GA",$$,101-150 Guests,4.8,27,Upscale venue for intimate gatherings and large receptions.
Atlanta Cosmopolitan Event Center,"Douglasville, GA",,,0,0,Event center offering everything needed for dream weddings.
The Wheeler House and Barn,"Ball Ground, GA",$$,251-300 Guests,4.9,117,Rustic barn wedding venue with Southern charm.
Carl House,"Auburn, GA",$$$,201-250 Guests,4.8,185,Historic home with beautiful grounds for elegant celebrations.
Koury Farms Weddings & Events,"Auburn, GA",$$,151-200 Guests,5,110,Unique venue offering detailed and picturesque settings.
Vinewood Stables,"Newnan, GA",$$$,201-250 Guests,4.9,88,Historic homestead with a farmhouse and scenic grounds.
In The Woods,"Rockmart, GA",$$$,201-250 Guests,5,23,State-of-the-art wedding venue on a secluded property.
Bradford House and Gardens,"Flowery Branch, GA",$$,101-150 Guests,5,42,Classic southern home with seven acres of gardens.
Lillian Gardens,"Newnan, GA",$$$,151-200 Guests,5,37,Full-service event venue with mansion and gardens.
The Engine Room,"Monroe, GA",,300+ Guests,4.9,32,Historic venue with modern convenience in downtown Monroe.
The Venue at Stillwater Pond,"Temple, GA",$$,151-200 Guests,,,Stunning venue on 53 acres with forestry and pastures.
Lanier Islands Weddings,"Buford, GA",$$$,300+ Guests,4.7,170,Breathtaking backdrops and multiple venue options.
Four Oaks Manor,"Buford, GA",$$,101-150 Guests,4.7,50,Historic farmhouse for garden weddings and events.
Hi-Def Events,"Newnan, GA",$$,251-300 Guests,5,11,Modern event venue with two locations near Atlanta.
Fendley Farmstead LLC,"Canton, GA",$$,151-200 Guests,5,114,Picturesque farm with historic settings and pastures.
Mystic Acres Barn,"Griffin, GA",$$,251-300 Guests,0,0,"Mystic Acres Barn is a beautiful wedding venue located in Griffin, GA, originating from a daughter's dream to have her wedding on her family farm."
The Gathering at Golden Creek,"Bremen, GA",$$$,201-250 Guests,0,0,"Situated on 23 acres of peaceful property, The Gathering at Golden Creek is a wedding venue with numerous event spaces."
Cherokee County Conference Center @ The Bluffs,"Canton, GA",$$,251-300 Guests,5,3,"Over 8,000 sq ft of conference space with advanced technology and configurable rooms."
"The Venue at Sharp Mountain, LLC","Jasper, GA",$$$,251-300 Guests,5,53,"Voted The Knot Best of Weddings, this venue offers customizable packages and outdoor event spaces."
Sage Cottage,"Adairsville, GA",$$,151-200 Guests,4.6,11,"A premier wedding venue with 13 picturesque, wooded acres combining cottage charm and elegance."
The Willows Farm,"Marble Hill, GA",$$,201-250 Guests,5,96,A country event venue nestled in rolling hills with 300 acres of natural beauty.
The Farm At Rivers Edge,"Dawsonville, GA",$$,51-100 Guests,0,0,A 32-acre farmland venue perfect for river weddings with breathtaking views.
Harrells Vineyard,"Newnan, GA",$$,300+ Guests,0,0,"A family-owned vineyard blending history, natural beauty, and Southern charm."
White Laurel Estate,"Dawsonville, GA",$$$,151-200 Guests,5,39,A former equestrian farm with onsite accommodations and customizable packages.
The Georgia Club,"Statham, GA",$$$,251-300 Guests,4.8,5,A one-of-a-kind venue with outdoor gardens and customizable reception spaces.
Beautiful Beginnings Farm,"Newborn, GA",$,101-150 Guests,5,133,A farm offering a unique and personalized wedding experience.
The Tate House,"Tate, GA",$$$,201-250 Guests,4.9,34,"A historic mansion built in 1921 with Etowah pink marble, offering a luxurious setting."
Hightower Falls,"Cedartown, GA",$$,251-300 Guests,4.9,92,Features an 80 ft. waterfall and historic gristmill ruins for a picturesque wedding.
Magnolia Creek Farms,"Adairsville, GA",$$$,300+ Guests,5,5,A countryside venue with 170 acres of tranquil grounds.
Spring Lake Events,"Rockmart, GA",$$,151-200 Guests,5,20,A serene lakefront venue with willow trees and cattails.
Barn South,"Talmo, GA",$$,201-250 Guests,5,11,A luxury Southern destination with natural character.
Downtown Moreland Mill,"Moreland, GA",$$,151-200 Guests,5,2,A historic venue with old-world charm and a museum setting.
"Thompson House & Gardens, 9 Oaks Farm, & 2425 Warehouse","Monroe, GA",$$,151-200 Guests,4.9,68,"Three venues offering a mix of vintage, elegance, and industrial charm."
Gaither's at Myrtle Creek Farm,"Covington, GA",$$,151-200 Guests,5,3,A historic farm with rolling hills and rustic charm.
Swan Lake Overlook,"Dawsonville, GA",$$$,251-300 Guests,5,11,A modern and elegant venue on 200 acres with natural landscape.
Autumn Oaks of Winder,"Winder, GA",$$,101-150 Guests,5,2,A charming venue for intimate celebrations.
The Sixty Two,"Atlanta, GA",$$,151-200 Guests,5,2,A unique venue offering a luxurious space for celebrations.
2400 On The River,"Ranger, GA",$$$,201-250 Guests,4.9,35,A rustic riverfront venue near the Appalachian Mountains.
The Chapel Athens,"Athens, GA",$$$,251-300 Guests,5,17,A pristine downtown estate with fairytale-like settings.
1051 Baxter,"Athens, GA",$$,251-300 Guests,5,1,A 6000 sq ft events facility in the heart of Athens.
Juliette Chapel,"Dahlonega, GA",$$,51-100 Guests,5,36,An ideal venue for intimate weddings and elopements.
Twin Ponds at Riverbend,"Plainville, GA",$$,151-200 Guests,5,1,A breathtaking venue with serene lake views.
"Bogle Farm, LLC","Greenville, GA",$$$,251-300 Guests,4.9,45,An award-winning venue offering access to nature.
Falling Waters Mountain Lodge,"Ellijay, GA",$,0-50 Guests,5,1,"A rural retreat for small, intimate weddings."
Summit Farm Weddings,"Ellijay, GA",$$,101-150 Guests,4.9,112,A countryside venue with panoramic mountain views.
255 Milledge | Hardeman-Sams Estate,"Athens, GA",$$$,151-200 Guests,4.9,118,"At 255 Milledge, we believe that life’s greatest moments deserve nothing less than extraordinary celebrations."
Ivy & Oak,"Talking Rock, GA",$$,151-200 Guests,5,35,A breath taking venue nestled in the North Georgia mountains with a chic & elegant design.
Ott Vineyards and Winery,"Ellijay, GA",,,0,0,"Located in Ellijay, GA, Ott Vineyards and Winery is a family-owned-and-operated venue for weddings and other special events."
27 on Park,"Dahlonega, GA",$$$,51-100 Guests,5,3,"27 on Park is a boutique hotel and wedding venue located in downtown Dahlonega, GA."
The Venue on Broad,"Athens, GA",$$,201-250 Guests,5,4,The Venue on Broad offers a unique style that fuses an old New Orleans vibe with industrial architecture.
Georgian Hall,"Athens, GA",$$$,201-250 Guests,5,103,"The Georgian Hall is a wedding venue nestled in Athens, GA, ideal for ceremonies, receptions, showers, and rehearsal dinners."
Strawberry Roan Farm's Barn,"Dahlonega, GA",$$,101-150 Guests,5,1,Strawberry Roan Farm's Barn is a stunning and unique wedding venue in beautiful Dahlonega.
The Lodge at Taylor Estate,"Rome, GA",$$$,201-250 Guests,5,2,"The Lodge at Taylor Estate is a newly-built, elegant venue that can accommodate up to 350 guests."
The Falls at Blue Ridge,"Blue Ridge, GA",$$$$,251-300 Guests,4.3,4,"Nestled on 700 acres in the Blue Ridge Mountains of Georgia, offering breathtaking views and rustic-luxury spaces."
CeNita Venue at CeNita Vineyards & Winery,"Cleveland, GA",$$,151-200 Guests,5,73,"CeNita Venue at CeNita Vineyards is a wedding venue overlooking the vineyards and winery in Cleveland, GA."
South Elm Events,"Commerce, GA",$$,101-150 Guests,5,1,South Elm Events offers a fairytale wedding setting with a breathtaking ceremony and elegant reception.
Cloverleaf Farm,"Arnoldsville, GA",$$,300+ Guests,4.9,72,Cloverleaf Farm is a stunning wedding venue set amidst a 30-acre farm just outside of Athens.
Yonah Mountain Vineyards,"Cleveland, GA",$$$,201-250 Guests,4.9,49,"Yonah Mountain Vineyards is a charming, sprawling wedding venue with indoor and outdoor event spaces."
The Venue at Grant Hill Farms,"Commerce, GA",$$,201-250 Guests,5,68,"Nestled among 88 acres of peaceful farmland, perfect for weddings and events."
Cormiston Farms,"Clarkesville, GA",$$$,101-150 Guests,5,4,Cormiston Farms is a scenic country wedding venue located in the peaceful Nacoochee Valley.
Enotah Valley Event Center,"Blairsville, GA",$$,51-100 Guests,5,5,"Enotah Valley Event Center is a rustic setting for weddings in Blairsville, GA."
Fall Line Station,"Macon, GA",$$$,300+ Guests,4.9,13,Fall Line Station is Macon’s newest wedding and event venue with an industrial-chic background.
Wynnewood Grove,"Lexington, GA",$$,251-300 Guests,0,0,"Wynnewood Grove is a historic and romantic wedding venue in Lexington, GA."
Butler Hall Events,"Gray, GA",$$,201-250 Guests,5,1,"Butler Hall Events is a historic wedding venue in Gray, Georgia, lovingly restored from a large car garage."
McEachin Farm,"Danielsville, GA",$$,101-150 Guests,5,2,"McEachin Farm is a stunning wedding venue in Atlanta, GA, perfect for special events."
Brasstown Valley Resort & Spa,"Young Harris, GA",$$$,151-200 Guests,4.9,79,Brasstown Valley Resort & Spa offers breathtaking mountain views and a full-service spa.
Walnut Hill Farm,"Dalton, GA",$$,300+ Guests,4.8,16,Walnut Hill Farm offers classic Southern elegance with majestic mountain views and landscaped gardens.
Overlook 55,"Young Harris, GA",$$$$,151-200 Guests,5,7,"Overlook 55 seamlessly blends rustic charm with timeless elegance in Young Harris, GA."
The Estate at Stone Creek,"Macon, GA",$$,201-250 Guests,4.8,5,"The Estate at Stone Creek offers a historic 2,900 square foot venue on 100 acres of beautiful landscape."
The Ridges Resort on Lake Chatuge,"Hiawassee, GA",$$$,201-250 Guests,4.9,46,The Ridges Resort on Lake Chatuge is a lakeside mountian resort with a grand ballroom.
Lake Rabun Hotel & Restaurant,"Lakemont, GA",$$,101-150 Guests,5,2,"Our gorgeous wedding venue has two covered, open-air decks and a cozy indoor gas fireplace."
Currahee Club,"Toccoa, GA",$$$,101-150 Guests,5,10,Currahee Club offers serene lake and mountain views with a blend of sophistication and rustic charm.
Bend of The River,"Hiawassee, GA",$$,,0,0,Bend of the River is a tranquil wedding venue on Lake Chatuge with natural beauty.
Rustic Vows,"Mineral Bluff, GA",$$,51-100 Guests,0,0,Rustic Vows offers an idyllic barn-style setting for creating bespoke wedding events.
Meadows at Mossy Creek,"Cleveland, GA",$$$$,251-300 Guests,5,39,Meadows at Mossy Creek is a stylish and contemporary wedding reception venue.
The Dogwood Barn at G5Ranch,"Milledgeville, GA",$$$,300+ Guests,5,16,"Situated on over 600 acres in Milledgeville, Georgia, The Dogwood Barn is a premier wedding venue ideal for rustic romantic events."
Hawkesdene,"Andrews, NC",$$$,101-150 Guests,5,58,"Hawkesdene is a Private Mountain Estate located in Andrews, NC in the mountains of Western North Carolina."
Tryphena's Garden,"Fort Valley, GA",$$,151-200 Guests,4.9,18,"The Venue at Tryphena's Garden is a fairytale-like wedding and events venue in Fort Valley, Georgia."
Splendor Mountain,"Tiger, GA",$$,51-100 Guests,4.7,27,"Splendor Mountain is the perfect venue for an intimate wedding ceremony and reception in Tiger, GA."
Cloudland at McLemore Resort,"Rising Fawn, GA",$$$,251-300 Guests,4.2,6,"Your Dream Wedding, Above the Clouds At 2,300 feet above sea level, Cloudland at McLemore Resort on Lookout Mountain is a magical escape."
Skull Shoals Park,"Washington, GA",$$,300+ Guests,0,0,"Located in Historic Washington, GA, we offer several options to choose from for your special day."
Tiger Mountain Vineyards,"Tiger, GA",$$$,101-150 Guests,5,1,"Nestled in the Blue Ridge Mountains, Tiger Mountain Vineyards offers a charming and intimate setting for your outdoor wedding."
Windsong Willows,"Hayesville, NC",$$,101-150 Guests,5,3,"Nestled in the valley of the Blue Ridge Mountains, Windsong Willows is a charming new wedding venue in Hayesville, NC."
Kingsland Farm,"Hawkinsville, GA",$$,151-200 Guests,5,1,"Kingsland Farm is a picturesque and reclusive wedding venue in Hawkinsville, GA, surrounded by calm rural beauty."
Forest Hill Park,"Perry, GA",$$,51-100 Guests,4.9,21,"Have a beautiful ceremony in a picturesque 1920's white wedding chapel, get dressed in our red train car with your wedding party."
The Icehouse Dublin,"Dublin, GA",$$,300+ Guests,0,0,"The Icehouse Dublin in Dublin, GA, is a unique wedding venue blending a warm Southern style with an urban and modern flair."
The Partridge Inn,"Augusta, GA",$$$,101-150 Guests,3.7,3,"The Partridge Inn is a wedding venue located in Augusta, GA, providing an elegant, timelessly beautiful setting for milestone celebrations."
Padgett's Farm,"Waynesboro, GA",$$$,251-300 Guests,5,1,"Padgett's Farm is a gem of a wedding venue nestled on 610 acres of breathtaking nature in Waynesboro, GA."
Augusta Marriott Hotel & Suites,"Augusta, GA",$$,300+ Guests,4.3,6,"Augusta Marriott at the Convention Center is a hotel and wedding venue nestled on the Savannah River waterfront in Augusta, Georgia."
Quinney Oaks Plantation,"Millen, GA",$$,300+ Guests,4.8,18,"Our event & wedding venue can make each and every occasion feel special, from wedding ceremonies to receptions and rehearsal dinners."
